<dune_plugin>
    <name>animevost.org</name>
    <caption>AnimeVost.org</caption>
    <type>php</type>
    <params>
        <program>animevost_plugin.php</program>
    </params>
    <entry_points>
        <entry_point>
            <parent_media_url>root://video</parent_media_url>
            <media_url>vod</media_url>
            <caption>AnimeVost.org</caption>
            <icon_url>plugin_file://icons/animevost.png</icon_url>
            <badge_icon_url>plugin_file://icons/default.png</badge_icon_url>
            <actions>
                <key_enter>
                    <type>plugin_open_folder</type>
                </key_enter>
            </actions>
            <ip_address_required>yes</ip_address_required>
            <show_cookie_name>main_icon</show_cookie_name>
            <show_by_default>yes</show_by_default>
        </entry_point>
    </entry_points>
    <auto_resume>
        <enable>yes</enable>
    </auto_resume>
    <version_index>6</version_index>
    <version>v0.2.3</version>
    <check_update>
        <schema>2</schema>
        <url>http://ursus.pp.ua/dunehd/animevost-org/update_info.xml</url>
        <timeout>0</timeout>
        <required>no</required>
    </check_update>
</dune_plugin>
